deliverer_id,delivery_zone,monthly_app_usage,subscription_type,paid_price,customer_size,menu,delay_time
0,VI,17,Semestral,16.94099079811256,4,French,11.332126139995461
98,VII,18,Free,39.06417712024473,5,Asian,10.429259959053653
14,IV,16,Trimestral,32.82654382121793,2,Italian,7.9008918807783
72,V,17,Free,7.556762164991376,3,Mexican,14.689806469978173
11,VIII,12,Semestral,34.20068369067669,1,Indian,12.51384063783114
81,VII,27,Free,21.51587429598476,3,French,5.141044125803192
85,IV,21,Semestral,29.970787225017745,5,French,7.534726624956967
21,VII,10,Prepaid,26.25805639563678,5,French,8.989187910382848
68,II,14,Yearly,41.04552212183895,2,Indian,11.130075681811803
19,VIII,13,Trimestral,11.593979232172991,1,French,11.358517681824518
77,IV,14,Yearly,33.04164267226024,3,Mexican,9.484584557806512
51,IV,14,Monthly,17.792414850771785,2,Mexican,12.056244845887619
20,I,7,Prepaid,39.5800735820813,2,Japanese,10.777406453155711
25,IV,16,Semestral,28.3893019129308,4,Italian,10.466920465058008
17,II,15,Yearly,21.54663640261965,4,Asian,10.533444807581462
68,VIII,12,Monthly,30.33194206360719,6,Indian,6.962708154155102
93,II,17,Monthly,31.94561398088944,1,Italian,10.023477796013411
15,V,17,Monthly,33.63048779122437,3,Indian,8.417357402261427
88,II,8,Trimestral,32.75583138258618,2,Asian,7.814033061262711
92,VI,16,Yearly,34.291471010571996,4,Indian,14.544331901700636
67,VI,12,Semestral,32.29460528410536,1,Indian,13.293919403574586
20,VIII,16,Trimestral,23.73914856958156,5,Indian,9.808425816610601
87,VI,16,Monthly,23.876175652419835,3,French,10.524098782737383
15,VII,20,Prepaid,50.30775908575342,4,Asian,16.040363393071
23,VI,15,Yearly,21.669988482770595,5,Asian,7.959309364224485
21,VIII,11,Free,15.151231770258873,3,Asian,14.169647620626954
58,VI,9,Trimestral,25.216389518325826,2,Asian,11.305609685258029
52,IV,16,Trimestral,27.961345278968746,5,Italian,16.717587286741747
26,II,12,Prepaid,23.83515103653389,1,Japanese,9.049928814528888
38,VI,15,Trimestral,16.888251539435092,3,Italian,6.864186625250669
62,IV,13,Prepaid,21.27718634145733,2,Italian,5.511280874859769
93,VII,12,Trimestral,22.094817489383132,3,Mexican,8.683096761966405
55,V,17,Prepaid,22.58691067657479,1,Italian,14.481645372531904
4,VIII,19,Monthly,23.695294712513608,3,Italian,8.881185421624643
99,III,16,Semestral,17.50061701820078,3,Mexican,9.070654538198333
44,III,10,Free,24.36922134799992,1,Japanese,10.90871871488821
38,VII,10,Free,41.54732310863157,2,Indian,9.516483254584983
89,V,13,Monthly,27.073732508513963,5,Italian,11.378649889534136
96,III,18,Prepaid,33.43907270607355,5,Italian,8.967272655194748
69,V,20,Trimestral,13.995820673246053,3,Italian,8.761646652547727
1,I,9,Monthly,31.697178769310682,4,Italian,10.67034091153724
57,II,11,Semestral,37.87757685737732,4,Italian,11.739197809264137
66,II,15,Yearly,20.543778377867383,1,Mexican,11.169572534298574
58,VIII,17,Semestral,32.2776924329081,4,Indian,4.7350672346122735
13,IV,14,Free,39.073458539151545,2,Asian,12.163077735453575
82,V,18,Monthly,38.59359411170512,2,Indian,6.3588978702996
71,VIII,18,Monthly,19.847431996268252,4,Japanese,10.553085884598008
31,VII,21,Trimestral,18.698369792062053,4,Italian,10.425008860768788
5,VI,12,Free,38.58523169926828,5,Italian,6.970254203676149
54,III,9,Trimestral,18.856397775278005,2,Indian,3.7687636685958417
8,I,16,Trimestral,1.7765646148590726,1,Asian,10.864401490503491
65,I,11,Free,20.486106042256672,3,Japanese,7.174432167623694
18,VI,16,Semestral,22.61049971858704,3,Japanese,6.329517914108697
9,I,18,Monthly,23.57072151719939,2,Japanese,5.997385432746027
37,II,10,Trimestral,35.47760299580146,3,French,12.439960032112088
11,II,18,Semestral,25.25173256442982,5,Asian,7.55169006311467
44,III,11,Free,28.73728331154592,2,French,5.616512287928169
25,VIII,15,Prepaid,13.602660117091785,3,French,9.278629193775505
64,V,13,Monthly,37.525503245163634,5,French,11.335975450251896
51,VIII,15,Yearly,30.61348597042202,3,Indian,8.30801875204537
30,VII,10,Trimestral,35.79917991343367,2,Asian,16.019945147853413
44,I,19,Prepaid,17.93217678892546,6,French,12.80764936744244
43,II,16,Yearly,16.061425966819392,1,Mexican,12.990376498351015
17,III,13,Trimestral,25.799732829788617,1,Indian,6.715495109301894
35,IV,17,Trimestral,27.70474619995645,2,Italian,9.58562390333246
57,VII,23,Free,28.531085737745265,7,Italian,9.159637163530583
0,VIII,17,Semestral,43.32357474908076,5,Asian,7.339899466741501
6,IV,9,Semestral,20.34000652749142,5,Italian,12.285022078826826
22,VIII,19,Trimestral,22.760887458405254,3,Japanese,8.571786699979757
66,VII,15,Monthly,42.32358982833978,3,French,10.309116806269886
55,VIII,18,Monthly,23.44069219326365,5,Italian,6.768654332029735
26,VIII,15,Trimestral,37.1483619069821,4,Japanese,3.88811031352913
13,II,15,Free,24.811750980591555,3,Japanese,9.245098550464782
33,I,12,Free,27.08409535738023,2,Italian,6.634449450525983
62,VIII,9,Monthly,19.82212344848057,1,Japanese,14.198846401965884
79,VII,18,Free,7.405939768819451,1,French,4.27757221963676
82,VII,17,Prepaid,39.854308965199934,5,Indian,11.616594082054167
48,VI,9,Semestral,21.902674307117213,1,Indian,9.442383232913091
56,VII,21,Prepaid,12.48199626264374,1,French,11.734922421761151
13,VII,8,Free,13.584745485614357,6,Japanese,14.755215015695509
84,VII,16,Free,17.607028543223674,2,French,10.649795468850627
84,VIII,15,Monthly,22.56821007992485,2,Asian,3.715995358420953
17,VIII,15,Semestral,32.08920837536819,1,Italian,11.018020286035982
27,VII,19,Yearly,28.821790682175475,4,Asian,5.459974688921054
12,V,18,Trimestral,36.00085116680358,4,Italian,4.626999223791756
18,VIII,14,Prepaid,27.7507451682323,4,Mexican,8.301470402891807
88,II,13,Monthly,28.104057903264444,1,Indian,8.877773861943249
27,IV,14,Prepaid,28.48005526638507,4,Indian,8.360516996839808
8,VIII,11,Yearly,29.546724158783952,3,Mexican,12.64300032025023
86,II,13,Semestral,30.383297892925842,4,Mexican,9.625927447903376
64,II,23,Trimestral,23.654754285062662,5,Japanese,11.464912356121049
38,VI,17,Semestral,17.95775548248156,4,Indian,9.130078818821179
66,IV,19,Trimestral,21.628655390066545,3,Japanese,6.222309211664135
79,III,18,Trimestral,17.929539615212725,4,Mexican,14.481884008246883
50,IV,13,Trimestral,16.4528533432955,2,Italian,5.561632430665897
23,VII,18,Monthly,29.474184352481103,2,Indian,16.302592090281184
92,VII,13,Yearly,13.667701790076874,2,Indian,16.79138821701687
74,VII,15,Trimestral,12.375284651612535,4,Japanese,10.344063660512669
68,IV,19,Trimestral,15.121220999634506,4,Asian,12.309014916445811
51,II,14,Yearly,22.601805566981152,2,Mexican,13.589173650507425
69,IV,11,Prepaid,32.32575272502675,1,Japanese,7.0005105721005165
97,VII,12,Yearly,15.940763979605618,3,Indian,8.7003505172363
81,VI,7,Yearly,21.90468927962501,3,Asian,8.935467858707968
13,II,18,Yearly,30.100017902188835,4,Mexican,10.67405302871921
34,V,18,Free,42.78008093259244,1,Japanese,11.389186491558796
48,V,17,Trimestral,23.15143772660144,5,French,10.780513829257089
67,V,17,Yearly,28.54365775235839,4,Mexican,6.09177584437809
65,VII,12,Monthly,43.73395856866894,4,Japanese,8.966908254417929
94,VII,15,Monthly,17.334342822020236,2,Mexican,11.140365538564762
89,VI,11,Trimestral,11.702256453455746,3,French,5.2894039180910655
18,VII,21,Prepaid,30.049293337114026,1,Asian,10.186501349830827
79,VII,14,Trimestral,26.784621630960242,3,Asian,7.270393182752603
70,VIII,14,Prepaid,18.65493409586985,3,Asian,5.016425639035762
50,V,9,Semestral,16.471788832667198,3,Italian,9.94659723772664
48,V,13,Free,23.914542973593566,2,Mexican,16.384130694912805
64,I,12,Trimestral,25.13487778901087,1,French,4.526048182277192
88,VIII,10,Semestral,40.886645679888936,4,Asian,7.905544447976313
59,IV,15,Free,30.605789998751813,4,Indian,13.483013270939072
43,VIII,15,Yearly,25.80009086485638,4,Mexican,7.7059405682733
38,VIII,15,Free,28.19624705643307,5,French,8.878231198501542
20,II,17,Free,20.650703963271308,4,Mexican,7.824086169291675
14,VII,13,Monthly,41.36615206616283,3,Asian,8.968456645067896
38,II,20,Monthly,33.58583727664603,2,Italian,7.090143425018329
74,VI,18,Monthly,23.886377342508165,6,Mexican,9.50109348039125
22,IV,19,Semestral,12.231392329795504,4,French,3.258264826518549
11,VIII,19,Prepaid,25.399093155006568,4,Indian,3.440915984069407
12,IV,23,Trimestral,10.50856012486589,3,Italian,5.441473180889681
59,VI,10,Semestral,23.214791028296666,3,Indian,9.195523736426015
77,III,17,Semestral,28.150817239517757,2,French,7.3400475984794635
13,V,14,Prepaid,32.46976510415995,2,French,11.690003758293058
23,III,10,Free,22.57853772300939,4,Asian,11.214709796861264
85,VIII,14,Yearly,21.98811156690819,3,Italian,14.276869666445982
92,IV,17,Trimestral,25.98841822450339,2,Mexican,14.121777842126455
88,VI,11,Monthly,22.215728003457052,1,Italian,6.389429528500436
82,VI,20,Monthly,8.524086787567562,2,French,18.560980215903044
15,VIII,16,Semestral,35.73422603006124,2,Indian,14.326988633305337
43,VII,14,Free,45.03222331062327,3,French,9.764518444680137
25,II,11,Monthly,3.9989312912659223,2,Italian,11.422321058876392
72,VII,24,Prepaid,19.52752367938892,2,Asian,12.488350827254132
1,VIII,14,Trimestral,25.340823083390728,1,Asian,8.2963277496449
41,I,11,Monthly,12.64851548340177,1,Asian,11.964107753148847
89,I,16,Monthly,13.451249386467772,3,Japanese,9.176600153791464
53,V,9,Yearly,29.366937010281283,1,Asian,9.454602807202845
35,IV,16,Monthly,20.117721592515746,2,Asian,9.802036601781644
37,V,21,Free,42.42342788032901,3,Mexican,11.842509387377941
13,IV,17,Semestral,21.447069395921023,5,French,8.402472137905702
44,I,19,Semestral,7.286323114348477,2,Italian,8.509588051102613
42,VI,16,Yearly,24.274150813518162,4,Asian,15.902618513719354
4,III,20,Trimestral,51.63112141475173,3,Mexican,13.967027832432809
81,VI,18,Monthly,41.19313371667185,3,Mexican,9.051789734359375
52,II,17,Trimestral,18.674701667831293,6,Mexican,11.311493560358546
0,I,10,Semestral,27.50861211916263,1,Asian,8.505332006743334
92,VI,21,Prepaid,15.22241257684872,5,Italian,5.116805049417319
34,VI,22,Yearly,22.743146703770638,1,French,5.1754057522721695
4,V,9,Trimestral,36.49484391837032,3,Mexican,1.7617708076991914
90,VII,18,Yearly,17.77040492683017,5,Asian,10.985250390809496
26,I,13,Semestral,14.81091852497902,3,Italian,13.943496387150304
72,VII,17,Prepaid,34.84072833358786,3,French,3.174271840440955
93,IV,20,Yearly,28.778933302812085,6,Mexican,5.978951493989674
88,VI,14,Monthly,29.30164677821133,2,Mexican,9.08080181185949
13,VIII,11,Monthly,19.78386979071623,3,Italian,8.420655332597553
74,I,15,Prepaid,35.31104184036418,6,Asian,10.667457751426713
23,II,8,Monthly,45.90902449252657,3,Mexican,14.726467572776421
49,VI,21,Prepaid,7.693033902214804,3,Italian,13.503329828452598
32,IV,19,Monthly,40.58255539915251,3,Indian,8.66782800536728
27,I,12,Free,42.035854315198506,4,Asian,8.22147297303879
78,V,14,Free,25.542040348587985,4,Mexican,8.307332678568272
20,II,18,Yearly,22.28242160252024,3,Asian,11.119478368200973
86,VI,15,Free,20.17130448596478,4,Japanese,4.636449492893444
25,II,20,Yearly,6.439878664802993,1,Indian,6.970464695851652
85,VI,19,Monthly,36.45028176516338,2,Mexican,12.951482369484836
34,VIII,14,Free,24.22045209872445,3,Mexican,9.251348448593083
70,VIII,10,Semestral,42.45634063813328,2,Italian,8.805023896770786
95,VII,14,Prepaid,26.17901129590058,4,Asian,8.559236397564964
17,I,20,Free,19.178645376073813,5,Mexican,11.550309882066388
73,III,12,Semestral,17.788244546689562,2,Asian,10.167872664639905
22,VI,12,Yearly,17.496877823385162,1,Asian,16.7872231479628
60,III,5,Monthly,18.617544301512364,3,Italian,3.3701214393130527
93,VII,13,Trimestral,7.8132830204065655,7,Indian,6.776022375984859
58,II,13,Free,21.165038639661194,2,Asian,10.18184672787551
36,VI,14,Free,26.78516486343755,3,Mexican,10.566123486912561
84,VII,21,Trimestral,9.189933836080101,3,French,3.482539204733918
9,III,9,Trimestral,24.282988321007043,5,French,13.270425426228167
85,VIII,17,Free,27.028005599970673,3,Mexican,8.662007887597738
60,VI,10,Yearly,33.73160537613345,3,French,15.45892380860463
77,IV,15,Prepaid,23.792596782380592,4,Asian,6.182216835047349
72,VII,13,Yearly,35.79621074527781,3,Japanese,11.554832719844407
65,II,8,Semestral,23.962406006916105,4,Asian,5.541588200081881
6,VI,19,Prepaid,26.549150592470824,2,Asian,9.815315024608083
66,VIII,19,Free,18.97321441254606,3,Mexican,6.233393233676387
25,II,12,Monthly,18.181429401348982,2,Mexican,9.651618236016468
35,II,18,Semestral,17.686118628130618,3,Mexican,9.72070432208326
31,VI,20,Monthly,42.30284904695,6,Asian,7.934240713717495
2,VIII,14,Semestral,33.295654199764385,6,Italian,8.41920927212174
2,IV,22,Free,16.994629602782442,5,Italian,12.691755414165268
45,V,11,Free,22.34577537446723,3,Italian,9.099133365725223
73,VII,11,Trimestral,17.712204433576098,3,Japanese,11.566007362605339
56,III,21,Semestral,26.00932486262849,4,Japanese,10.852440712412893
24,I,13,Prepaid,26.019897840282205,3,French,12.57513312423881
98,III,11,Monthly,23.918780457828596,3,Italian,9.639073115983575
47,VIII,16,Monthly,23.29069463785685,2,Indian,10.052067826760823
34,VI,17,Free,15.094809195831488,1,Japanese,11.077055800176362
47,III,13,Yearly,14.041213333568885,4,Asian,7.871757725442203
94,IV,14,Semestral,26.746663895930666,1,Mexican,3.607344210888666
13,V,14,Trimestral,39.47569993419357,3,Italian,8.36447656111756
27,III,18,Prepaid,32.41750188579697,3,Japanese,5.243281858233396
73,III,16,Free,12.755670586135464,1,Asian,7.693300012089923
99,III,12,Prepaid,27.191706847350524,2,Indian,9.108442215371092
66,VIII,14,Monthly,29.512059724527106,4,French,4.047170318261576
24,VI,12,Prepaid,35.55094979911755,3,Italian,8.975020626265351
9,VIII,20,Yearly,1.2455163162689011,2,Japanese,13.32416744417311
2,II,17,Free,17.74488555308637,2,Asian,10.280328636318577
30,III,14,Semestral,15.747691333884571,2,French,8.14462816823854
68,V,17,Monthly,19.967938573293214,5,Indian,7.405445630627258
27,IV,19,Free,42.86882086789859,2,French,8.316508020474336
72,I,11,Monthly,20.80054114165197,1,Asian,14.164278330635181
75,IV,14,Free,21.22020065034783,1,Asian,7.833524624364323
20,IV,18,Trimestral,7.718172276009604,3,French,11.593180951032018
96,VI,20,Semestral,31.78964833235167,2,French,13.347298049161811
88,II,26,Semestral,15.416498399579986,3,Asian,5.239167048376349
42,VI,11,Yearly,32.86609684910215,5,Japanese,6.733563989509331
16,I,16,Semestral,25.881686015854203,2,French,11.917037154178608
46,V,17,Prepaid,33.115187087432865,2,Indian,11.326033459690912
52,III,10,Semestral,18.102917584959926,4,Asian,11.601265694088088
45,VI,15,Monthly,31.428148206954894,8,Indian,11.908587041849945
9,VIII,19,Trimestral,23.757077110469506,1,Indian,8.119205151901857
35,VII,15,Monthly,38.1271622535752,3,French,8.41178813062491
5,III,22,Yearly,27.40104050794572,3,French,8.673381085914576
39,VI,11,Yearly,27.65015347605066,1,French,12.269751392772697
78,I,15,Monthly,20.618105408222952,3,Japanese,9.649750157779803
4,VI,7,Semestral,19.446035362178257,2,Indian,13.4998265572694
88,VI,13,Yearly,48.542913736462395,4,Indian,5.041549713475906
71,I,19,Trimestral,10.358052709436066,4,Asian,11.977088477948653
74,VIII,11,Yearly,12.27500242993993,4,Japanese,14.212726107628878
90,III,7,Monthly,24.786935358913375,1,Indian,8.985276907973255
45,IV,14,Monthly,15.474849124163896,2,Italian,14.242363017312979
68,VII,16,Trimestral,30.897493630650263,1,Asian,13.41056245858732
84,IV,31,Monthly,26.718444843829808,4,Italian,9.468222328221776
63,II,13,Free,22.03868976205359,2,Mexican,16.866370462843676
84,II,9,Semestral,20.670996243555287,3,Indian,16.77818278075527
59,V,14,Monthly,23.081221977440045,1,Indian,9.388145563483954
93,II,18,Prepaid,35.81336960223452,4,Japanese,15.612112616467687
11,I,19,Monthly,29.93947947057741,4,Japanese,11.899994123297915
51,VII,20,Free,1.972097402791281,2,French,4.533731574469224
32,III,10,Trimestral,33.54402071903692,5,French,10.368749198400918
72,VIII,14,Yearly,20.004147089524395,4,French,8.664832364238594
83,I,17,Free,24.84063728201506,3,Japanese,8.352783344599759
1,IV,12,Yearly,24.50098664343998,1,Japanese,5.607612468090523
96,I,14,Semestral,18.04474209275225,2,Mexican,11.116652750976641
7,III,11,Trimestral,36.373058468615355,4,French,13.689960362097858
82,VI,15,Monthly,36.66693452887862,5,Indian,8.95372829022265
28,VIII,10,Yearly,32.887716813079926,4,Italian,10.33818371011488
23,VIII,10,Free,37.58575168563412,3,Mexican,9.453458669824032
4,V,13,Semestral,19.449044669974892,2,Japanese,16.43973271534158
47,VIII,18,Prepaid,24.15227859916101,2,Mexican,7.34028769664109
87,VI,11,Semestral,24.225229123019428,2,Asian,9.844405924758394
7,IV,17,Monthly,21.904966359278305,1,Mexican,13.785758268224487
98,VIII,13,Monthly,22.890994215885705,5,Asian,13.56922185372742
20,V,15,Monthly,9.063818133143911,2,Italian,1.9403913295468804
73,VIII,11,Prepaid,37.761788840706295,1,Italian,6.673005755555728
44,II,10,Semestral,13.608754008131195,2,Italian,11.206776763475602
81,VI,13,Semestral,28.31871490281491,4,Indian,6.870898402474994
65,II,13,Monthly,29.37180098750794,3,Japanese,5.322596942513247
53,IV,20,Prepaid,13.1131803324182,1,Indian,15.93988163259823
25,VII,9,Trimestral,32.46615835745604,2,Japanese,13.066830128921836
24,I,19,Free,23.832396692013898,3,Asian,9.820860477399771
77,VIII,12,Free,33.38689895040992,3,Japanese,10.277678562834257
34,IV,21,Monthly,24.543980387389254,5,Italian,12.265625202920575
0,VIII,13,Free,24.401582770566147,5,Asian,6.9282723938957975
19,II,21,Prepaid,16.031566432335545,2,French,13.137451401603105
29,VII,12,Semestral,16.06975609603457,2,Indian,13.671389621907268
95,II,17,Trimestral,35.50308745153498,1,Asian,12.397639159345255
54,IV,11,Semestral,20.73215197371184,3,Asian,9.616455335841827
70,I,11,Semestral,32.052113972267435,3,Italian,12.68093341211817
84,II,16,Monthly,28.807764322527255,2,Mexican,8.448577920606064
70,III,17,Prepaid,13.317638187885061,4,Asian,13.400195629020361
96,I,16,Prepaid,38.14436420443241,3,Mexican,2.845430176962105
88,VIII,12,Prepaid,38.79411417065199,1,Indian,10.109336982665496
63,I,14,Prepaid,44.99419362228501,1,French,11.105028477030663
98,V,14,Free,19.579649159449293,6,Indian,9.667436378301735
47,VI,12,Trimestral,32.297704818882195,2,Japanese,4.112453482130322
2,V,9,Semestral,14.922712094966677,3,Indian,8.904316929509118
34,III,13,Trimestral,42.03402285258507,1,Indian,8.096025013730115
51,VII,15,Yearly,7.827371852345273,3,Asian,0.9033932555483002
89,V,15,Trimestral,38.838670059499336,3,Asian,12.612691964532772
56,III,17,Prepaid,8.907779896020852,4,Italian,9.394544469267554
97,VII,16,Monthly,36.06510399730966,1,French,8.15752818190673
4,V,13,Free,36.95272692243491,1,Asian,11.10887160159001
61,VII,16,Yearly,34.235108322042265,4,French,17.89769771464152
50,I,11,Semestral,32.99425866618094,2,French,8.418476373058628
11,IV,13,Prepaid,12.255522220610516,6,French,14.826715060929837
47,VIII,24,Yearly,39.56221006785442,2,Mexican,14.385966304656868
48,VIII,8,Trimestral,10.81566022190622,3,Asian,7.127670858736048
68,II,11,Free,58.110461457122696,6,Italian,14.231079325418094
17,V,21,Prepaid,13.727651691002086,3,French,8.471354247751194
46,VIII,20,Yearly,20.65876661051124,5,Indian,11.056387868239517
32,V,14,Semestral,20.21435599836108,2,Indian,12.07156844381686
36,III,11,Trimestral,17.89453212889755,2,Asian,5.72643263737352
30,VII,19,Yearly,49.33931910089278,4,Japanese,16.263564786988766
96,IV,15,Semestral,36.19760562047175,5,Indian,5.6601266539600354
36,IV,10,Semestral,17.11071336263688,2,Indian,10.81038775795705
19,II,18,Semestral,25.895104854116248,4,Asian,9.458277161328418
28,III,12,Semestral,24.355097300703783,2,Japanese,8.07584810000916
64,VIII,20,Trimestral,17.470860478231337,1,Mexican,11.101439710843012
81,V,11,Prepaid,15.603630809561183,4,Mexican,9.380272055919681
17,III,23,Free,43.14350416124299,4,Japanese,14.552820853906251
89,IV,9,Monthly,26.177133470424067,2,French,15.26535029074632
64,VII,16,Prepaid,23.527180946203018,2,French,11.260839980103846
36,VI,15,Monthly,18.04985611614763,5,French,12.244657191369072
37,VI,13,Trimestral,48.54938758206705,2,Italian,7.099712792703256
13,IV,18,Yearly,13.822590809785817,2,Mexican,8.90143002104291
25,II,14,Yearly,15.8292043387951,5,Indian,10.42277788649016
35,V,15,Trimestral,9.271950442128023,4,Indian,10.20030704661995
22,IV,10,Trimestral,10.64853346875588,4,Mexican,12.257470327429713
5,V,12,Trimestral,22.36606994027533,5,Mexican,12.938924171553342
72,II,14,Prepaid,9.92050809271291,5,Japanese,9.278586514976345
18,VIII,10,Trimestral,33.81427015959797,3,French,12.032781005589495
56,VII,16,Trimestral,23.387717576769305,3,Indian,9.786606636804898
92,III,19,Monthly,14.248054736477165,1,Italian,7.86026861881196
14,VIII,14,Free,21.937674130986508,5,Mexican,10.818985364607748
92,I,20,Prepaid,24.741871236094212,3,Italian,10.397178547684447
54,II,15,Semestral,26.326755767027592,3,Japanese,6.575707310740738
71,VIII,20,Monthly,19.38757496932515,2,Italian,13.334101303269605
80,VIII,16,Monthly,43.448818126592506,5,Italian,6.938589796386779
4,II,18,Prepaid,23.54285238680729,3,French,14.22350162449833
9,II,15,Free,15.143360994328141,3,French,10.268623411393447
22,I,13,Yearly,26.325084634977426,3,Mexican,7.878140380664732
28,VIII,9,Free,33.76392023538206,3,Mexican,11.662746545851407
68,VIII,22,Prepaid,29.836345347706107,1,Indian,7.794718217802515
6,V,20,Trimestral,26.97673875526044,3,French,7.349770060227103
97,VI,25,Trimestral,34.84816916009204,3,French,5.7175069131528256
22,III,17,Free,35.03381049440844,3,French,10.316804125789128
77,III,20,Prepaid,26.647663026466713,2,Italian,4.879598409220432
73,VII,9,Monthly,23.21678857861478,4,Indian,4.43831410853732
77,III,11,Semestral,18.84890491020412,4,Italian,9.23926139890569
92,III,10,Trimestral,34.63511939279036,3,Japanese,7.622464346467426
95,IV,16,Yearly,14.39401997894006,3,Indian,4.490153078077657
76,IV,14,Free,32.8935749969122,3,French,11.880411036964471
73,III,17,Monthly,13.722477453725507,2,Mexican,13.917608096257979
73,II,25,Semestral,14.294655411548398,4,Indian,12.513029183787063
12,VIII,18,Trimestral,26.934959559114308,4,Asian,13.814268449489537
96,IV,13,Prepaid,34.76376554230033,3,Mexican,15.085051514598067
27,VI,18,Monthly,25.19090667962497,1,Mexican,10.21855778635349
46,VIII,20,Monthly,35.89834365222153,3,Italian,9.20789560166332
74,V,21,Semestral,42.89058480396377,4,Japanese,4.996647175635545
65,III,23,Prepaid,30.767468004859282,6,Italian,7.272419569727525
71,II,21,Prepaid,28.357200958668923,6,Italian,13.118467620274089
1,IV,17,Yearly,41.39113156732339,1,Italian,8.480422617957798
11,VII,17,Semestral,34.6726544926929,4,Italian,7.5686300500988235
6,I,24,Prepaid,39.08057721696018,3,Italian,8.555275963835642
84,VI,20,Monthly,23.323270999613406,4,French,10.5900215670876
57,V,17,Monthly,1.0252237376345938,4,Japanese,6.679793966347333
85,I,18,Trimestral,31.338243320469136,2,Asian,8.61521563059079
42,III,13,Yearly,29.537636756425275,3,Japanese,11.413198324601986
6,VII,13,Yearly,1.4719936865544803,3,Asian,9.730498572289681
96,III,9,Prepaid,23.11902417665619,2,Mexican,6.022599122557476
96,VIII,8,Prepaid,19.639137120484634,1,Asian,9.784466358682106
44,II,17,Monthly,18.2313520402093,2,Japanese,8.766632162680034
67,VI,16,Free,33.10819992217777,4,Italian,11.420045151840032
75,III,14,Free,18.988262889528656,3,Mexican,12.169715302221627
23,II,21,Semestral,30.175359302400782,1,Mexican,9.633135828902235
35,IV,17,Yearly,27.484081545941862,2,Indian,5.1120240425065555
80,VII,13,Semestral,22.95860754966454,4,Italian,6.275847083125827
10,V,17,Prepaid,46.665985294583635,3,Mexican,14.545982531830322
18,I,12,Monthly,19.288818540622465,4,Asian,14.42521688716084
47,V,12,Monthly,22.202237233477724,2,Asian,11.55136476363592
97,VIII,22,Free,35.32656920032214,2,Japanese,10.806474037311126
99,VIII,15,Free,26.948766930081018,2,Asian,4.65107610197651
73,III,12,Yearly,26.66663991740708,3,French,10.35586686908601
41,II,16,Monthly,23.23510669262635,2,French,8.637726819590926
67,VI,13,Semestral,26.97049350072697,1,French,10.96592898129589
11,III,16,Free,26.859413611579125,3,French,6.641861744254426
88,VIII,11,Trimestral,12.470061625880797,1,Italian,10.38707395967349
27,VI,21,Semestral,17.229758562475723,1,Indian,11.309912551279721
1,IV,19,Monthly,21.84701950628448,3,Indian,7.230937085680508
88,II,12,Trimestral,32.03666058698443,3,French,6.50297653313969
59,VI,9,Yearly,40.26737471467828,5,Japanese,2.3772736063576687
50,IV,17,Monthly,33.920310857652254,5,Italian,11.497002996049074
66,III,19,Yearly,35.35449278542886,2,Asian,4.894067656015661
50,IV,14,Prepaid,23.758060108118134,1,Asian,9.567622679263584
62,VII,12,Monthly,25.009411099521188,2,French,9.29687984852202
70,IV,12,Monthly,35.00515318412033,2,Indian,9.310332894259451
61,VI,8,Prepaid,33.01193322218553,3,Indian,12.578197983054585
40,VI,21,Free,42.10827920521089,2,Indian,12.765412513978383
72,VI,25,Free,30.890843647985196,3,Japanese,12.982240091446585
65,VIII,7,Trimestral,28.372314459587653,3,Indian,11.995647201118983
78,V,11,Monthly,40.24002395036371,3,Japanese,13.003672523696261
55,IV,13,Free,35.73712040125324,6,Italian,12.026529546328314
60,IV,19,Trimestral,29.460634821293098,6,Asian,6.0643483907057725
17,II,19,Trimestral,18.47529125693175,3,Mexican,5.843195352577898
34,V,17,Free,4.5436636031206845,2,Asian,17.823421191002762
64,I,10,Yearly,26.85744516189255,2,French,9.727402779106317
8,I,11,Trimestral,29.933040265812114,3,Indian,6.540078522728235
48,IV,13,Semestral,19.11959280072569,3,Mexican,9.038796922049158
54,VI,12,Yearly,31.26001867018296,3,Italian,9.184742486697882
8,V,14,Free,21.78614934927079,3,Indian,3.653542469715479
68,I,16,Free,28.16545248287256,4,Indian,6.322525271318295
0,V,20,Semestral,15.544982137164627,1,Indian,8.697498521633186
37,VI,19,Yearly,39.58139327342582,2,Italian,8.951219085619503
90,II,13,Free,26.802387638172863,1,Mexican,8.675981292036987
69,I,14,Monthly,26.529349357413302,3,Mexican,5.6592268046050025
62,VIII,15,Free,23.31797779309823,2,Mexican,7.8872275907205065
75,III,10,Prepaid,19.998992748691236,3,Japanese,10.173884778203963
37,VI,10,Yearly,31.97853530814229,2,Asian,7.558911764276111
45,I,11,Yearly,13.385771917764323,3,Italian,10.033785982945544
91,VI,9,Prepaid,12.888345186161395,3,Asian,10.051985479438677
21,VIII,10,Semestral,16.97343201365865,2,French,7.0067150990353335
52,VIII,14,Prepaid,40.56451036552753,3,Asian,7.166113258669696
60,IV,19,Prepaid,27.39847704381894,1,Indian,8.35391653387521
80,IV,10,Semestral,35.252269416711485,2,Japanese,11.422810150155554
82,II,14,Free,26.152322222667667,2,Italian,13.875471336378162
27,V,13,Semestral,-0.942473492639305,1,Indian,12.798062364077678
18,III,11,Monthly,37.6975700558034,1,Indian,14.28458625535578
44,II,19,Trimestral,31.61593478025666,2,Mexican,9.009548185893104
64,IV,16,Yearly,33.60178387508444,4,Asian,11.2522576019633
5,VIII,19,Yearly,18.52856370847649,4,Indian,12.846842241352297
16,III,10,Semestral,29.40412428556729,2,Japanese,9.321289633215674
77,I,13,Free,12.20602890344618,4,Italian,8.758256242830058
24,II,27,Prepaid,40.44222567385145,2,Asian,8.244738280916454
56,VII,14,Yearly,19.935280410918587,1,Italian,2.379188419693686
22,VII,16,Free,30.974668282346727,2,Japanese,8.65188820355355
7,VI,16,Free,22.56018604670345,2,Indian,13.773332604155959
26,V,14,Monthly,34.7045214684414,3,Asian,11.86352487428926
34,III,15,Trimestral,32.44567960354182,3,Japanese,15.456226949302442
62,III,14,Prepaid,14.124052513971295,3,Indian,8.959793736843444
42,V,11,Trimestral,27.035720429597024,3,French,10.364109115216792
69,III,11,Semestral,7.911725997435159,3,Asian,7.460199007260487
46,IV,19,Free,14.372626138762257,2,Italian,8.092202664322139
88,VIII,20,Prepaid,20.19611878321782,7,French,1.3351151544359183
54,V,16,Trimestral,27.598137099947028,1,Indian,12.650277971709947
93,IV,13,Trimestral,32.15033194834727,3,Asian,5.734965990648919
71,VII,20,Yearly,31.752675282979485,2,Japanese,8.960789672029009
42,III,15,Semestral,24.2579677710267,3,Japanese,10.233228521018292
69,VIII,13,Semestral,24.380651498491346,4,French,11.398695575122792
97,III,16,Semestral,36.64704337766224,2,Japanese,15.524524858875218
18,IV,12,Trimestral,28.161050614302933,3,French,14.859387876680298
44,V,16,Yearly,22.97781298909607,6,Mexican,6.693751589611052
2,VIII,18,Monthly,24.37129231255934,3,Asian,7.111944179269157
92,III,13,Prepaid,23.310335825725065,2,Asian,8.626446832612649
81,IV,6,Trimestral,9.384037925766176,3,French,9.537377772918965
70,I,9,Yearly,23.05787775855992,3,Mexican,11.365120982102754
11,III,18,Monthly,16.651324100640448,4,Indian,8.162646260868375
23,III,12,Monthly,12.845873004472947,4,Japanese,6.745841669793776
24,VII,17,Trimestral,15.986439489730193,6,Indian,14.150409769465968
56,VII,15,Semestral,18.65259072011182,4,Japanese,12.656441354474467
80,III,12,Trimestral,29.97713313783692,4,Indian,5.414322735644254
86,VI,13,Prepaid,16.436514151115283,6,Mexican,7.951881936967483
73,IV,22,Semestral,31.70723383767414,3,Asian,4.4725545672550915
49,II,9,Trimestral,28.34233772529028,1,Indian,5.24712396409667
71,VII,8,Monthly,20.853909116962235,2,Asian,13.811975942866786
66,III,25,Semestral,46.546247933215454,4,French,10.567778984587903
0,I,13,Yearly,39.8747875243835,1,French,7.2649258240624555
24,II,16,Monthly,26.83416685871333,2,Indian,7.6975624733881585
84,III,18,Trimestral,29.906649497471715,6,Asian,5.816220762937765
69,VII,16,Monthly,31.992466534617865,4,Asian,6.300927148733917
64,VII,19,Monthly,29.576432108641313,2,Japanese,3.2554376328395698
46,VII,12,Free,9.01135619659437,4,French,8.426965179292857
11,III,9,Yearly,14.19065292513215,3,Italian,9.009535702925671
21,VIII,14,Free,24.421161053696427,3,Italian,9.729705957890822
59,III,16,Free,19.729558995732486,4,Italian,8.87464502304072
25,II,15,Yearly,27.520954728636504,3,French,6.676553154023031
49,IV,19,Trimestral,10.323892810392532,1,Indian,11.434839047315386
73,IV,18,Semestral,37.64961181727324,5,Japanese,12.617160844061829
28,III,11,Yearly,38.624662983055494,8,Mexican,11.589596910513674
13,VI,19,Monthly,6.824177880218468,3,Japanese,16.619823058468093
0,II,13,Yearly,42.97134530417122,2,Indian,10.720329616979065
0,VIII,15,Prepaid,33.55968524062597,3,Indian,9.510982656253296
73,IV,14,Free,39.51481538932039,5,Japanese,14.98039168763764
56,I,13,Free,21.008307696079243,3,Mexican,6.400541519423948
70,VIII,23,Trimestral,23.16144672853925,1,Italian,9.43658902747108
62,VI,10,Trimestral,36.3211947601403,5,Indian,11.029659089951208
53,VII,13,Yearly,22.0391569161703,3,Indian,12.450971093925553
54,V,13,Monthly,16.495694296788933,3,Asian,4.857512553911559
8,VIII,20,Prepaid,24.150937178339603,4,French,6.193509004245223
41,I,22,Monthly,30.113947985798983,2,Mexican,11.592273269863204
24,VI,14,Semestral,26.723518880462887,5,Italian,11.81540928955563
10,VIII,13,Yearly,35.561287452601164,1,Asian,9.993805843752167
95,III,12,Free,22.274122943846933,2,Asian,4.1134392537863675
43,IV,17,Yearly,30.089568982307405,4,Italian,11.097530840284517
27,VIII,20,Prepaid,36.63894255703245,3,Mexican,12.361695661715945
29,I,15,Prepaid,22.348873669626887,3,Italian,11.076416777770234
54,I,11,Yearly,28.06247665706846,2,Italian,19.202037972640348
34,III,8,Prepaid,29.032868233160592,4,Mexican,7.249431891640441
4,IV,19,Trimestral,35.07147525939023,2,Indian,9.171643856958335
91,VI,16,Trimestral,28.47361142181947,4,Mexican,9.951049398380492
90,III,19,Free,37.593838411111236,1,Indian,9.838313393223599
18,III,17,Prepaid,15.285664053422979,5,Indian,7.650006886447194
34,I,24,Trimestral,20.36483607319859,2,French,9.265771733053473
41,III,13,Trimestral,10.014233583085304,3,Indian,13.267291948067065
59,II,9,Semestral,14.568991405971827,3,Italian,15.553274448588386
37,VII,17,Yearly,30.458609889018344,2,French,12.68502206431916
60,VII,14,Semestral,47.2220673349923,4,Indian,11.771355454291719
73,VI,16,Yearly,56.29023308154538,3,French,8.470141817037758
79,VIII,14,Yearly,29.531251038517283,2,Italian,9.373890096637489
71,IV,10,Monthly,8.47998298289173,2,Italian,9.010528986739997
13,I,22,Semestral,20.836594852161824,3,Asian,10.09629294308139
42,VII,21,Trimestral,27.31421201478055,1,Asian,16.85661060956487
96,IV,14,Free,28.69257512670243,5,French,9.975957869375442
52,VIII,9,Semestral,35.643277379691085,2,Japanese,8.386135063525153
16,IV,15,Semestral,27.282844899268078,2,Italian,14.116102539525322
80,VIII,17,Semestral,26.371206113567627,3,Japanese,8.246756767407431
87,VIII,12,Trimestral,16.10573893584533,1,Mexican,6.47175352880943
54,V,14,Monthly,22.97862293907703,3,Mexican,12.188647662185566
81,VII,18,Monthly,42.42645391149918,2,Italian,12.87185407288432
80,V,19,Trimestral,18.97883536516948,9,Mexican,8.911647698709912
76,VI,17,Yearly,19.814550920954776,3,Japanese,12.732265773101137
18,I,17,Yearly,19.940146053717427,1,Mexican,6.1963595763186206
22,III,22,Monthly,25.919339361736625,4,Italian,12.13516288819817
54,III,16,Trimestral,31.313876476030593,4,Italian,12.709159140548753
38,I,20,Yearly,25.15778237964896,2,Asian,11.780292608905732
98,VIII,18,Free,49.513495267548834,3,Japanese,11.611172043704588
64,V,14,Yearly,4.22621497250444,2,Asian,13.070744801302087
74,V,22,Yearly,42.90368024748017,3,Italian,10.543444039069572
5,III,15,Monthly,23.646492687992154,2,Asian,11.949338420185146
68,VII,15,Prepaid,45.41883854814614,5,Japanese,4.237386811198291
35,VI,12,Semestral,21.190652026451342,4,Asian,3.738806019282724
21,VI,16,Trimestral,32.09167748179135,1,French,10.275750964449413
31,II,17,Prepaid,30.22159523592955,2,Japanese,14.343017799428559
98,VIII,17,Trimestral,25.914462884550066,3,Italian,9.903138642339622
21,V,13,Yearly,21.35815854110559,2,Mexican,8.387103680088838
78,V,18,Free,30.95513682546934,4,Italian,7.1706444144061425
60,VI,20,Trimestral,27.134348578436317,2,Indian,7.357692377446507
17,V,11,Free,40.616842428928436,5,Mexican,4.953177640410679
47,IV,17,Semestral,28.80469138863899,4,Indian,12.86872627237147
1,VI,13,Prepaid,19.73803088584763,2,Indian,7.342402877856392
11,VIII,13,Yearly,32.483357910782544,3,Mexican,11.137148796508823
43,VI,11,Semestral,34.9298205441662,2,Mexican,9.6523926367706
77,III,17,Trimestral,29.562558237137658,6,French,13.509892194779695
18,VI,13,Semestral,16.22566322268432,4,Japanese,15.762216913160945
4,VII,17,Prepaid,26.849879080745318,1,Japanese,12.678019379830385
31,IV,17,Semestral,30.432240490178977,3,Mexican,11.542541932294599
81,V,12,Semestral,28.161264597600134,2,Italian,11.740448197629473
54,III,11,Trimestral,41.491875564965326,3,Indian,6.783124576692031
79,III,18,Free,22.219110197904243,4,Indian,8.572317841086166
38,IV,16,Free,26.28242945161892,7,Indian,12.412636019955027
98,III,21,Prepaid,42.44105553940484,1,French,9.444231741312194
62,III,14,Trimestral,19.38793592448033,7,French,10.665711201432742
38,V,17,Yearly,28.458689305255565,4,Indian,11.101300088492708
51,IV,20,Free,37.114768729597685,1,Indian,7.796558438867859
5,II,13,Trimestral,45.913815155862125,3,Italian,7.3042346252084265
78,II,13,Semestral,11.722184027307915,5,Indian,13.720863540803014
24,VII,10,Monthly,31.49350583438733,2,Indian,7.696091160849104
31,I,10,Monthly,21.230986501424567,4,Mexican,5.360546674389698
74,III,15,Yearly,27.744267518695803,4,Italian,6.895223088974877
73,II,14,Yearly,18.274830154340126,3,Mexican,14.563902567051812
23,I,21,Yearly,9.867575790283155,5,Asian,10.177670195867695
68,IV,10,Semestral,15.683778691195148,9,Mexican,10.825634567367446
62,II,12,Monthly,39.104199640719855,1,Asian,9.400250668204942
82,IV,12,Yearly,18.340059420468418,6,Asian,10.931588091926422
10,V,24,Prepaid,20.190999853677425,2,Asian,10.238831053646717
5,VIII,12,Prepaid,39.742119730646436,3,French,12.10189914701463
10,V,14,Yearly,29.971132775317407,3,Mexican,7.163189264025432
90,V,12,Monthly,32.668295307916814,2,Italian,15.019669493970861
53,VIII,12,Prepaid,30.995474435850213,2,Italian,9.047164775557942
81,III,14,Yearly,29.785076021574554,5,Asian,4.136216445313052
90,IV,16,Semestral,12.615176714890621,1,French,6.437558512828417
74,VIII,6,Free,45.34116695285104,1,Asian,7.579947568576674
73,VII,14,Prepaid,24.33129823105938,2,Japanese,6.529132606892414
17,VII,15,Free,30.017287006873943,4,Mexican,11.181047115825386
70,III,9,Free,43.7684758132566,4,French,8.790030564619059
97,VI,20,Monthly,26.449307416601496,3,Asian,14.219251866377668
62,V,17,Prepaid,33.15794773277865,3,Italian,4.977042677455952
79,IV,12,Free,16.901052014798914,3,Asian,11.237078992288252
17,II,20,Prepaid,43.154380168574605,2,Mexican,12.738608903674372
9,V,9,Prepaid,17.37850515737841,3,Asian,0.9718767454892259
22,VI,13,Prepaid,37.15965267622315,2,French,11.821258887882065
91,VI,11,Prepaid,24.925360286811465,1,Japanese,9.627264660503268
29,VI,14,Prepaid,29.311928658704332,5,French,8.701652855071396
48,I,12,Yearly,7.295698549483706,4,Italian,10.529234264922213
76,VII,10,Semestral,35.16810375104569,2,Asian,11.056852643501365
41,I,18,Trimestral,36.16484411902811,5,French,12.278954714485536
84,IV,12,Semestral,23.18324730187082,4,Asian,4.024543077121449
93,VIII,23,Trimestral,8.247452249264377,2,Mexican,8.57548837113942
20,VI,18,Monthly,27.414062885790074,4,Japanese,11.665631664267178
79,II,15,Yearly,21.61772581486476,1,French,10.324410732172074
60,I,12,Semestral,16.189182131181077,5,French,10.734805375828152
26,V,19,Monthly,15.852118018262521,2,Mexican,5.136151658457209
2,III,15,Trimestral,24.03354953676859,4,Italian,11.285544511267572
42,VIII,10,Semestral,20.919577087107996,4,Asian,9.24286054673727
48,III,12,Monthly,35.60783346375775,2,French,5.024086981460065
2,V,20,Yearly,21.160924906770113,2,Mexican,4.53043644213599
57,I,21,Semestral,24.841852253389693,2,French,11.13014795181978
37,II,18,Yearly,13.120405515799149,2,Italian,8.583896873616693
84,VII,16,Trimestral,27.64029129676412,1,Indian,13.981218893436406
41,III,14,Yearly,32.54466126688846,3,Mexican,7.604639340636657
68,VII,9,Free,23.799914468084545,6,Asian,13.228091085028673
15,VII,18,Yearly,29.429015923454017,1,French,7.745201643958628
98,VI,11,Semestral,32.707567647760236,2,Indian,7.452251977788652
11,I,19,Yearly,25.93148864633401,4,Mexican,11.841179046568904
28,I,17,Yearly,25.958472535502597,7,Italian,10.610729459666628
5,VII,12,Free,30.108379169530462,1,French,12.135767473506668
72,VI,7,Yearly,19.720003770227628,4,Italian,8.156415849486631
43,V,16,Monthly,20.297866599539784,3,Indian,14.841744600825033
60,VII,21,Monthly,28.974112761754608,5,Asian,9.285549191602108
96,III,15,Yearly,21.18609527100528,3,Italian,11.686647526344323
34,VIII,18,Free,39.58728478732526,5,Asian,11.48389168655777
28,VI,12,Trimestral,10.058496615334782,2,Asian,15.074693277943897
67,III,22,Free,27.632782353474052,3,Japanese,8.279065957121217
63,IV,10,Trimestral,32.13348170125958,2,Mexican,12.889852781679924
46,IV,22,Free,51.232047891653465,2,Indian,10.224167852512759
72,III,14,Prepaid,22.544366421061905,3,Mexican,11.59888056776841
29,IV,20,Free,39.322741926947856,2,Japanese,12.676242456622855
65,I,17,Prepaid,27.01024491456298,3,Indian,9.044373316952107
67,II,18,Monthly,23.817944038453465,2,Mexican,11.827710884511003
22,IV,10,Prepaid,31.244983372062144,2,French,9.580801065708801
46,VI,14,Trimestral,26.25196279965795,1,Mexican,8.098584138611674
21,VI,21,Prepaid,26.77915132330746,4,Mexican,14.553508099913309
77,III,23,Trimestral,48.32288491476215,4,Asian,9.762277745376512
84,VII,18,Yearly,32.91994937563658,2,Italian,8.022466613761868
20,V,15,Prepaid,30.489098319804455,4,Indian,8.351943351116416
20,II,18,Trimestral,32.22240104932154,2,Japanese,11.276483135349423
68,I,9,Semestral,32.715160576869444,3,Japanese,16.460138556887973
96,VI,18,Yearly,27.198397365599817,1,Mexican,9.754679142040152
45,VI,15,Yearly,29.49812961859319,1,Italian,11.969961498145016
6,III,10,Monthly,18.85052192116106,3,Italian,9.074037110670002
10,III,19,Trimestral,22.7384733904501,2,Indian,13.465883825793673
90,III,17,Trimestral,35.53363496097069,3,Asian,6.151760916194881
72,II,10,Monthly,22.210941403823526,7,French,8.895641364410926
16,VIII,13,Prepaid,19.660593275939302,3,Indian,6.676068196647346
45,V,16,Prepaid,32.23905959312518,1,Japanese,4.435753123928716
38,III,12,Prepaid,20.14234310091371,1,Asian,9.106374387342127
18,IV,15,Semestral,30.296170458992137,2,Asian,9.132253921594698
74,I,13,Semestral,36.38634589606219,1,Italian,8.597661422745212
26,II,13,Semestral,29.722067924451398,3,Asian,10.437780120684351
32,VI,16,Free,42.53139559524851,1,Japanese,4.775547756755785
3,IV,13,Trimestral,33.848117135775354,2,Asian,9.610709810675521
35,II,17,Yearly,41.46136370838437,5,Indian,5.245299272728216
46,VIII,8,Trimestral,7.342830884686165,3,Mexican,9.173929265350893
64,II,19,Free,9.678837180677684,4,Asian,11.316039329589874
63,I,17,Monthly,29.589757181231505,2,Indian,10.881645622931911
52,II,9,Prepaid,24.370682214178288,5,Italian,14.170397589107875
97,VI,12,Semestral,33.78276112615877,5,Italian,12.391314483811577
12,VI,20,Free,3.6807046096308014,3,Mexican,12.589597108066823
70,II,11,Yearly,16.427306501602473,3,French,5.691470372079339
65,VI,19,Monthly,31.09364901996761,3,Italian,13.679915009301984
65,I,11,Yearly,19.838295129110136,3,Italian,9.873616461332615
3,VIII,10,Prepaid,25.476207862685424,3,Italian,13.540882752094973
26,VII,13,Yearly,36.33140781994527,3,Mexican,8.76416353269514
24,III,17,Monthly,55.76739959519177,1,Asian,9.730503890682462
45,VIII,23,Free,29.71452106680907,4,Japanese,10.047937749175357
92,III,13,Free,24.24093010740707,6,French,6.460754922573086
48,V,11,Prepaid,19.679964451190397,3,Japanese,11.661448929022981
83,VIII,18,Trimestral,21.403240678220623,3,Asian,11.9334156975959
92,VIII,15,Semestral,34.622392960281545,7,Japanese,13.561957553124367
43,IV,12,Trimestral,30.93746782227163,3,Asian,8.31443461841222
71,IV,20,Free,31.283704163837097,5,Indian,13.52782753942724
95,II,14,Yearly,32.014015621492426,6,Mexican,8.294752851805264
21,VI,17,Trimestral,42.43201440479597,2,Japanese,9.605213055318611
13,I,15,Prepaid,25.294132760079,2,French,7.6750675926306675
74,II,14,Semestral,41.6749670148171,4,Asian,8.970421928159848
44,II,20,Free,12.149037261110765,3,French,17.13087952875352
31,VI,17,Prepaid,28.35885751449615,4,Asian,7.995955740229466
48,II,14,Prepaid,33.02001737162192,3,Indian,10.98687005535133
82,II,19,Yearly,21.6639554268274,3,Mexican,12.091045850511374
70,VI,21,Trimestral,38.52312142861289,2,Indian,10.418369842227735
62,VII,18,Free,45.01666450032279,5,Japanese,10.528134884335065
57,VIII,20,Free,40.817171659511274,3,Italian,10.789691654907093
77,IV,22,Free,35.0225568881458,2,Mexican,16.207678109380424
79,I,7,Prepaid,26.152569846239672,2,Italian,13.89818856019064
37,II,11,Yearly,26.220580031074924,3,Italian,12.351772395006753
20,IV,14,Free,7.701124284706811,5,Asian,14.131665377554418
26,VI,15,Semestral,22.07747607384402,2,Japanese,9.41239795931883
6,V,18,Yearly,21.268597406361216,4,French,9.438897116927826
51,III,14,Free,34.45085121140302,2,Japanese,6.464496580387765
11,VII,12,Yearly,49.27807085999563,7,Asian,12.234639517305276
98,VIII,10,Free,38.68284972759926,3,Japanese,9.37982633313491
21,VI,16,Prepaid,17.132714909915663,4,French,14.884363411520422
21,I,16,Prepaid,12.331157403923571,2,Japanese,12.229820969809268
16,III,11,Prepaid,38.35425467862273,4,French,6.751691337452914
68,I,10,Trimestral,0.9865003728994033,2,Italian,5.8674467828426
45,I,23,Yearly,31.06027022276651,3,French,6.411380681077276
96,III,11,Free,14.721655829753033,5,Japanese,9.749659513019457
57,I,15,Prepaid,21.308429344048978,4,Japanese,9.6803926812978
53,IV,14,Yearly,38.69793025166318,4,Mexican,8.678268400410806
58,VI,15,Semestral,15.736167921312187,2,Indian,8.392913100113036
42,III,9,Free,39.92564637086317,3,French,12.259233775753037
30,IV,10,Trimestral,25.647358714075537,3,Mexican,12.538092028986377
88,VIII,15,Yearly,28.633381588641544,2,Asian,10.720989802358009
9,VII,13,Semestral,16.771423471757636,5,Italian,8.09875438499025
87,IV,8,Semestral,27.39257212017221,2,Mexican,10.157297114562548
68,I,16,Free,29.17214543403786,3,French,11.231502694790635
11,VI,21,Free,13.942776297118806,4,Italian,6.969068440997596
93,VIII,17,Prepaid,18.040762101978167,3,Asian,10.175506211270994
60,I,10,Trimestral,23.27257359071267,5,Indian,8.269462754807806
18,V,17,Prepaid,10.095599321252042,2,Mexican,11.15551089502496
31,V,16,Semestral,12.017666746637037,3,Mexican,6.461579129968266
88,VI,11,Semestral,41.9635452402384,3,Mexican,7.868068945694193
72,IV,12,Semestral,32.600171294805996,3,Mexican,13.152289583140108
27,IV,24,Semestral,22.224555361525486,4,Japanese,13.019606299929876
70,II,14,Semestral,17.629080482100825,7,Indian,12.052875326764422
45,IV,16,Yearly,16.56106795611693,2,Indian,7.092074917253521
82,VI,15,Semestral,24.914593228461474,2,Mexican,11.218195922265023
7,V,14,Prepaid,19.698732618503783,3,Mexican,13.030390053924721
83,III,16,Trimestral,26.971557309935406,4,Mexican,10.903870701843944
76,V,15,Trimestral,19.42727895891406,6,Italian,13.005585846368202
56,III,14,Prepaid,25.505401717752008,2,Mexican,12.217067961142924
48,VII,12,Trimestral,26.34568978655566,4,Mexican,6.347143631721369
20,I,18,Trimestral,29.1697717428426,2,Japanese,15.785514811382432
96,VII,21,Prepaid,20.379482404311943,3,Indian,7.050418325491195
94,VI,12,Trimestral,26.421565529005374,2,Mexican,10.207948392749074
57,V,18,Yearly,24.41362968964373,3,French,13.32542246540946
82,I,14,Prepaid,38.338060909033366,4,French,8.975367914415061
88,VI,20,Prepaid,46.22127968785078,4,French,10.8199454690568
25,III,17,Semestral,25.616864712143553,1,French,8.99421739091473
29,II,18,Semestral,16.45294653576153,2,French,4.292546212214275
38,IV,20,Prepaid,30.748918711832687,6,Italian,7.111074442661799
60,I,8,Monthly,25.767278434533473,1,Mexican,12.484437914796636
49,VIII,14,Yearly,25.901364650267315,2,Japanese,8.196437769837623
65,IV,22,Monthly,11.352243239642394,3,Japanese,13.960458961645017
9,II,17,Trimestral,30.997359754429684,3,Italian,8.856180842684012
35,II,20,Semestral,15.081586922922464,8,Indian,6.487985164265886
87,VIII,10,Monthly,11.844638861609585,1,French,7.0456993629345686
76,VI,9,Trimestral,29.250540415994017,2,Asian,10.778486915947814
76,VI,23,Trimestral,39.957283601112366,5,Indian,10.722033252198216
48,IV,9,Prepaid,44.35618490339023,3,Indian,10.592209556763011
7,II,18,Semestral,7.357148109082193,3,Indian,10.345019604194444
75,VII,21,Trimestral,26.067768385198427,3,Mexican,10.713421333960927
68,V,17,Trimestral,15.544126908802987,1,French,11.261280191834736
77,IV,27,Monthly,13.21660255969083,3,Indian,6.865521079108932
0,V,21,Semestral,18.403173174015528,2,French,1.5818185571351187
7,V,18,Free,39.8577683562771,2,Asian,9.105218417144046
11,II,11,Free,22.40497723121428,2,Asian,10.95174591313451
35,VIII,12,Monthly,43.45911003975698,8,Indian,8.341604262957759
96,II,11,Yearly,21.04725832328147,3,Asian,8.91430776840471
13,VIII,18,Semestral,42.379919396965946,2,Japanese,9.982247388468906
88,V,19,Monthly,18.396811680229774,4,Italian,16.48043255823399
23,IV,10,Trimestral,9.342010548042609,3,Indian,7.716950864394638
45,III,21,Monthly,27.87371989033568,2,French,8.888054059491969
63,III,12,Monthly,25.255842357935528,4,Asian,11.02044222424401
62,IV,12,Prepaid,12.219991228975173,1,Mexican,9.899061106164671
42,II,13,Monthly,9.436515631140097,2,French,10.249819046559104
98,VI,15,Monthly,25.441243552995758,2,Indian,10.873276857129015
60,IV,8,Monthly,27.286693812190645,1,Mexican,9.435155058810738
81,VI,9,Monthly,14.410433410203947,3,Japanese,13.951995704991125
90,V,15,Semestral,40.823943696982255,3,Japanese,10.904079731378182
76,VI,11,Free,23.37765087112351,2,Indian,10.60051574965143
28,II,8,Free,26.861717439728192,2,French,4.333632627656738
70,VII,17,Trimestral,12.358773726115711,2,Italian,8.88617397699946
82,VI,11,Trimestral,19.581376930044797,3,Japanese,11.715949721193365
17,III,13,Yearly,9.882112441847502,6,Italian,9.654925233948482
16,VI,17,Trimestral,21.29881960940564,4,Mexican,14.967582769018346
64,VII,19,Yearly,7.71285532542225,4,Indian,5.837626033965461
91,II,15,Trimestral,26.0485510335698,3,Mexican,7.529228281410655
59,VI,19,Semestral,33.063109764963734,3,French,10.381821102360213
8,I,16,Free,24.863938602438807,5,Indian,15.244237428227809
83,VIII,17,Semestral,34.10156627168412,5,French,6.17603539899754
56,VIII,14,Free,10.458973890994379,7,French,8.64897070451019
32,IV,14,Monthly,25.427948500223078,3,French,10.10294089921573
63,VI,14,Prepaid,9.359388864096726,3,Mexican,11.282977118323858
33,VI,18,Yearly,25.577977503586506,2,Asian,15.036146558143141
80,V,14,Monthly,15.854341081858085,2,French,9.552699166708319
2,VII,10,Semestral,28.425992129479965,2,Mexican,7.969583454222901
58,VI,13,Prepaid,27.686817050647125,3,Asian,10.872526928205923
84,II,19,Prepaid,13.030690029715274,3,Italian,8.331868774487983
0,VI,18,Yearly,14.081417691709078,4,French,12.24301766930164
47,IV,12,Free,26.382206245464165,2,French,9.764538246180946
94,II,12,Free,36.22134480106719,6,Japanese,4.700550483585491
60,VII,20,Trimestral,22.914454569827086,3,Japanese,4.81311618000844
49,VIII,9,Trimestral,25.406704542347274,1,Mexican,8.58876470035582
50,II,10,Trimestral,14.966836008967624,2,Italian,12.667196818877372
42,V,13,Yearly,64.08609853829276,5,Indian,12.641228367988045
32,I,12,Prepaid,20.840209641847224,4,Asian,14.520478847034441
51,VII,8,Semestral,33.77456634310255,1,Japanese,7.182561615123818
3,II,16,Yearly,36.50318717040605,4,French,6.540448606984956
92,II,11,Yearly,17.725932456657965,5,Italian,10.424584475510272
39,VII,17,Semestral,2.561568405070904,1,Japanese,11.34743568660197
72,VII,13,Free,26.441597995970767,2,Japanese,10.842292512164715
64,VII,15,Trimestral,25.825654395978027,3,Italian,14.010589363805678
58,VI,13,Free,32.64675530921509,3,Japanese,13.060998922401675
17,IV,14,Prepaid,21.117759262960018,2,French,13.032245189734983
30,IV,16,Monthly,19.95543793944212,4,Indian,6.350409767296709
74,VIII,13,Prepaid,7.910826281448692,2,Japanese,11.87830283098964
93,VIII,14,Trimestral,26.541433994941848,1,Italian,14.87039619279112
51,II,17,Trimestral,20.88291209859612,3,Japanese,10.455409252428327
53,VIII,13,Free,11.425584647718283,1,Asian,13.150271353645078
72,IV,16,Trimestral,21.267445819385003,4,Italian,10.445584494438515
83,VI,10,Monthly,22.650336450394775,2,French,7.35996098459696
28,VIII,11,Free,36.460794463874024,2,Indian,15.128688426605908
75,I,13,Prepaid,42.9656198561024,3,Mexican,16.62093864771172
4,I,11,Semestral,25.382798255757308,3,French,10.813222078600209
48,VIII,20,Trimestral,34.943451745938084,2,Indian,7.575636068925712
41,II,14,Trimestral,15.870433320218144,2,Italian,8.736895491238686
28,IV,16,Prepaid,17.62839351085769,4,Indian,7.359225421146039
56,IV,6,Semestral,22.29999994536078,3,French,16.582808839394204
10,I,14,Trimestral,13.509669720800705,3,Indian,7.320879727585464
44,II,14,Monthly,5.442133712077872,2,Italian,7.7600337681280065
34,III,14,Semestral,44.46553407108607,5,Japanese,4.933620890972242
87,VIII,17,Semestral,34.90112713621124,5,Japanese,6.815062297976294
15,IV,16,Trimestral,18.904148234638907,3,Mexican,4.821389785227358
38,VII,22,Trimestral,19.56768867210192,3,Japanese,7.780777095344813
70,VII,12,Free,30.636825205614485,5,French,6.638537626064998
92,I,19,Monthly,24.555527733663013,2,Mexican,9.377721966393338
82,VIII,19,Monthly,34.38810175118452,2,Indian,10.464980527411228
65,IV,19,Yearly,17.005755074131585,1,Italian,12.39693740943497
45,VI,14,Semestral,17.658677655323167,4,Mexican,11.299532403330076
77,IV,12,Trimestral,32.568804309525476,5,French,7.5338994571304845
92,VI,16,Yearly,19.157700089980363,2,Mexican,7.591995153266652
17,III,17,Monthly,23.736219312140758,5,Asian,9.744031621862145
66,I,20,Free,24.28396284975023,4,French,8.66977472244939
58,IV,13,Free,28.484795887460216,2,Italian,4.584657011732897
17,I,14,Free,28.845370957038575,3,Asian,8.160379986530675
52,III,16,Trimestral,49.76120097428117,1,Italian,11.006336924928434
3,V,21,Yearly,41.18949843179074,4,Mexican,4.2556247470278485
0,IV,12,Prepaid,31.892230308528035,5,Indian,6.224797269201046
63,II,15,Trimestral,28.2303929621793,5,Mexican,7.333220280649591
57,III,15,Free,14.732807182666354,3,French,11.106455028539697
93,V,14,Yearly,31.7513260497676,2,Indian,11.68771927108103
32,V,8,Prepaid,24.258303947334454,2,Italian,6.371823589988651
37,VIII,13,Semestral,24.694872408704935,2,French,11.265321450098833
57,VIII,16,Trimestral,26.54359273705841,1,French,11.409241401345788
55,I,15,Monthly,26.229430549381146,2,Asian,10.161942783540127
0,I,13,Yearly,28.852344011666816,1,Indian,5.8784417549614325
46,I,28,Free,28.4606461871826,3,Italian,7.713658620246077
93,V,17,Trimestral,23.35474415425788,5,Italian,6.163141736079936
3,VI,12,Yearly,14.977971119879411,4,Japanese,8.996912088008287
6,VII,15,Prepaid,31.01038885723931,3,Asian,10.959482707472995
82,VI,11,Prepaid,29.841104292337253,1,Mexican,14.684827667194973
54,IV,18,Semestral,40.23127761112497,3,Asian,9.830263803433565
32,III,13,Free,28.81487689622585,4,Japanese,12.335341562276536
6,III,18,Prepaid,16.080751677052767,1,Indian,11.297189985036349
4,I,13,Prepaid,23.552675413331674,5,Indian,11.754578088141631
66,IV,16,Monthly,26.439101115404256,1,Japanese,4.408789499610776
81,V,18,Trimestral,22.73386403984535,3,Indian,8.291097484744718
34,VI,21,Semestral,30.99101943853362,1,French,8.552270340675326
78,VIII,12,Free,20.209264524478886,3,French,5.693494986981285
39,III,12,Prepaid,23.168098704522507,7,Asian,8.77319303387947
41,V,11,Monthly,20.915502519986255,4,Indian,12.088792248220328
19,VI,13,Prepaid,25.235447647540553,1,Asian,13.110777192192701
29,I,20,Free,13.8146412603274,6,Indian,7.206305635073973
33,VIII,15,Semestral,36.067157295625805,4,Indian,9.388507552012534
29,V,20,Prepaid,34.839160625767136,2,Japanese,7.838883798476079
24,VII,8,Free,15.970005322843926,1,Japanese,5.712326221069496
70,V,15,Yearly,9.583322652677609,1,Mexican,12.723374847736983
28,I,15,Monthly,28.594283634085926,3,Asian,8.023975268992842
41,V,16,Trimestral,10.413625031782825,3,Asian,9.545832427660564
60,V,16,Free,31.99113247004505,1,Italian,9.486472068951509
94,VIII,16,Free,31.704555542226807,4,French,10.105742319818903
20,I,15,Trimestral,18.097892013026367,1,Indian,15.660634899220195
42,VIII,17,Prepaid,32.838426284826305,5,Asian,10.612789875754721
30,II,16,Semestral,26.993475643690406,5,Italian,3.7944968689426215
34,IV,14,Yearly,8.045034388731086,4,Indian,10.55355323834722
96,V,12,Semestral,42.18920237693323,3,Japanese,10.078651000984824
9,VI,22,Prepaid,31.30415302327206,4,Mexican,16.617887412744864
89,II,16,Free,25.688547747364133,4,Mexican,8.398585795485133
62,VII,13,Yearly,37.08170718156949,3,French,10.900188950506575
51,VI,9,Monthly,16.171122343928023,3,Japanese,8.28067743528187
62,IV,16,Trimestral,32.55719915450034,2,Indian,5.509512394546681
42,VI,17,Free,19.89761343164621,2,Italian,10.924667207524132
52,VIII,14,Trimestral,27.86872026798692,5,Asian,8.335042741259619
58,VI,18,Prepaid,26.694997077353293,4,Mexican,5.52902354278338
53,V,18,Semestral,-0.0815584651752097,7,Asian,7.166725062121552
84,VIII,13,Yearly,27.531337083981448,4,Indian,7.481408249081959
55,VII,11,Semestral,18.784087260375436,6,French,11.242877661353695
89,I,17,Semestral,40.522265075973664,1,Italian,14.428587343407823
58,VIII,16,Prepaid,30.293070608788405,3,Japanese,10.658115328184003
44,VIII,13,Trimestral,36.487816664408236,3,Italian,8.518620483806341
51,IV,9,Free,25.983169727466713,3,Asian,12.138164439926534
84,VII,18,Semestral,15.842505021257725,1,Italian,14.862028919647443
17,IV,18,Prepaid,10.974982956505436,2,Japanese,14.443445559064637
42,VII,10,Trimestral,44.65245703224363,1,Asian,9.191983404616925
82,II,20,Semestral,42.41474090707655,3,Asian,8.10585895221465
38,I,10,Monthly,20.19134681878318,3,French,10.324053751700173
44,VII,16,Yearly,36.37608006028508,2,Mexican,13.54313230874247
36,VIII,13,Free,20.902719322933144,3,Italian,11.292179438918684
9,VII,19,Trimestral,18.39781625711149,3,Italian,9.774136443041236
78,III,9,Semestral,25.99164349722229,1,Mexican,10.223113633924605
4,VI,14,Free,30.047041218127152,6,Japanese,5.802550486182708
86,VII,18,Semestral,9.609666280492394,1,Mexican,7.284729871835083
71,I,21,Free,33.07913772547488,5,French,14.085142083785902
23,VII,19,Free,34.67572225766208,2,Asian,11.994947432875456
9,VIII,14,Monthly,22.53766206226362,2,Italian,6.7171447664083885
44,IV,15,Free,17.77781015783325,2,Asian,15.039645197955203
57,II,16,Free,30.866787691576,5,Mexican,13.647909379700003
28,I,13,Free,39.18330358605784,3,Italian,11.707745956173246
0,I,17,Prepaid,28.344588287932456,4,Indian,7.958440177112688
59,I,18,Monthly,37.82593945578705,2,Indian,10.91042005492289
59,V,12,Monthly,23.979112166883283,3,Mexican,9.057185136154102
39,IV,15,Monthly,29.941708835406196,3,Asian,6.9222705123264205
7,VII,13,Trimestral,10.863847303929461,3,French,9.56198116447475
10,V,14,Free,21.744526461308013,2,French,12.588351046357054
67,IV,19,Prepaid,49.78671684556235,4,Italian,17.109213432115837
24,VII,14,Free,22.236718026513714,2,Indian,11.633294543466803
97,I,12,Trimestral,15.523997978518423,1,French,13.675438918426833
44,V,13,Trimestral,19.58571218106919,1,Asian,7.489135262420327
10,VI,18,Free,24.454761807106834,1,Asian,10.335604150875913
89,IV,11,Prepaid,33.89773723493451,2,Asian,7.135475880239566
84,I,9,Yearly,31.10119175590304,1,French,11.506010404374685
46,VI,17,Yearly,12.987470884128541,3,Mexican,5.7318089781652475
29,VI,10,Free,16.991191971511462,3,Japanese,5.290405625736423
49,VIII,18,Trimestral,21.0797526969254,4,Mexican,8.727559313859825
30,I,11,Yearly,39.63590955544983,2,Italian,15.02177505396692
98,III,17,Free,24.347705194297745,2,French,11.990433003378948
67,IV,12,Yearly,36.23532599004985,4,Japanese,11.277663671818507
41,VII,17,Trimestral,19.148069916468245,4,Indian,8.928471803519209
41,V,20,Trimestral,43.786743864611815,5,French,11.100919643581063
54,I,21,Yearly,32.10906782170267,3,Indian,8.582295811341249
96,VI,17,Semestral,53.790630866904465,2,Italian,12.336699240563226
64,VI,20,Free,18.04826866384938,3,French,8.92051962060191
16,VII,12,Free,31.893992293882015,3,Japanese,7.516099605978457
35,I,14,Free,20.193227447204116,3,French,4.650392783951992
1,IV,25,Semestral,18.26580690598777,6,Mexican,9.484631929203942
55,VI,12,Semestral,15.439302851687668,3,Mexican,10.90418820989506
96,III,10,Trimestral,34.87278079466767,5,Asian,11.769206491765422
36,III,9,Free,8.521788015103422,4,Mexican,13.623874032419435
31,VIII,14,Yearly,47.10664458607859,3,French,15.004061626235572
72,VIII,17,Trimestral,7.463029262561843,5,Mexican,8.637992339480462
85,VIII,19,Monthly,20.404822396675037,3,Asian,10.287873045366458
88,III,17,Trimestral,14.201384946240838,4,Mexican,12.664437234177845
72,II,13,Semestral,20.813633591445765,1,French,9.674185219240774
17,VIII,17,Prepaid,37.737226283732014,6,Asian,7.89818775129735
19,II,15,Trimestral,5.763872579984355,3,Japanese,9.755544852778192
91,VI,14,Prepaid,44.824018004589384,1,Japanese,4.058465565110659
48,V,16,Prepaid,32.328214054269154,3,Indian,9.679900604239114
49,I,7,Semestral,10.646262453846415,1,Indian,10.202227343199318
38,V,16,Free,38.54995666998644,1,Japanese,6.928539645321375
81,III,18,Trimestral,11.195928253016787,2,Asian,13.126511258461877
7,III,16,Monthly,41.714144529407406,2,Mexican,5.608119352458308
39,VII,20,Prepaid,8.010183465195148,4,Indian,10.58795743088764
30,VII,11,Yearly,16.161739599719258,1,Asian,11.285301207029708
57,VII,18,Free,20.87532207646425,3,Asian,10.173681326625442
21,VII,20,Free,27.00988595393168,3,Asian,4.955575477336349
8,VI,10,Free,34.88978187981371,1,French,12.02258847260386
46,II,11,Semestral,15.436982662993081,4,Indian,6.361220583228422
72,III,20,Semestral,24.512487833506608,4,French,9.799545882809802
51,IV,26,Prepaid,15.196735743982073,2,Italian,2.6992507826818732
49,II,17,Free,37.69201948089682,4,Asian,9.897609358381448
48,VIII,18,Yearly,11.023086771519546,3,Italian,16.25954435640488
86,VI,9,Yearly,14.79760037943035,5,French,10.376289139774705
92,III,7,Prepaid,21.541341147192924,1,Italian,5.793883351471644
31,IV,11,Yearly,26.84440881648249,2,French,12.92081075364209
44,III,18,Semestral,22.523085324712447,3,Italian,12.501505828061697
37,VII,18,Yearly,18.92278662071781,2,Asian,9.051993650193232
41,III,18,Free,18.152714224641453,2,Asian,9.836198728642229
66,VI,22,Yearly,32.48608555893118,3,Mexican,8.428861591638055
80,VII,12,Semestral,12.205158729313517,2,French,9.810834918893676
46,I,11,Yearly,20.70871894837349,3,Asian,3.809913784352431
63,III,14,Yearly,19.1529158115326,4,Indian,12.207559920900126
18,I,15,Prepaid,28.32734529442157,3,Indian,9.722678321978913
41,VI,16,Monthly,32.497630372071285,8,Asian,12.293762026928905
6,III,11,Trimestral,36.34198872677647,3,Indian,10.118378964043094
92,I,11,Trimestral,32.17303166403428,2,Mexican,5.66927865615736
17,I,14,Prepaid,25.11692674620082,4,Italian,7.912801015211201
94,VII,15,Free,16.106901408034652,5,Asian,7.1618041528742555
38,VII,13,Prepaid,33.15375553797345,3,Asian,5.474795448113529
49,V,19,Monthly,33.98297978227146,3,Italian,14.893835358035258
28,IV,16,Yearly,27.415127277457078,3,Indian,13.775742645532075
82,I,17,Yearly,28.93180634628579,2,Italian,0.5545995058632744
98,II,19,Trimestral,32.0258812363977,3,French,9.249854780492733
56,IV,16,Semestral,18.004350127303056,7,Japanese,10.245695448000625
43,I,17,Semestral,30.120863516456584,2,Italian,9.84592002668805
59,II,6,Free,46.306986028626,5,Asian,4.304599266260119
25,II,5,Free,34.47405366391738,3,Indian,9.228167695582872
59,V,17,Free,27.608672755405344,5,French,12.923450455712599
62,VI,18,Prepaid,23.973449406920533,2,Mexican,13.09927696048333
58,VIII,23,Yearly,35.937164039360276,3,Italian,11.841748424116302
50,VI,27,Yearly,31.58241881300152,4,Mexican,10.02755593941729
20,II,23,Semestral,23.666438890979485,3,Japanese,11.86495553011373
63,VIII,23,Monthly,12.490095254806533,1,Indian,4.599714299790136
22,I,15,Free,41.00030125684996,2,Italian,10.3741037118291
62,VIII,19,Prepaid,10.46426474087395,1,Japanese,13.111076694180957
91,I,24,Trimestral,23.982318271312245,2,Indian,15.740853047168532
71,VII,11,Yearly,24.170659043856503,2,Italian,13.543486290852444
69,VI,16,Free,25.773981452815395,5,Japanese,12.033388409306102
28,III,11,Semestral,22.639186911923986,2,Japanese,17.51765340707642
1,I,12,Prepaid,34.788763670962354,3,Asian,9.539698955692486
23,VI,6,Yearly,37.05594359467276,5,Japanese,11.248622485177124
67,V,16,Yearly,35.226334805228824,3,Mexican,15.94797797637193
77,VIII,12,Prepaid,37.26577308639736,1,Japanese,12.140558449815
73,VII,21,Free,36.12995616884217,3,Indian,7.37627909707417
18,IV,21,Semestral,10.196660271948764,4,Indian,9.138695321432811
57,VII,16,Monthly,38.03300538531626,2,French,7.3733198109527525
82,VI,9,Free,29.377676669283147,2,Mexican,8.988362995270696
93,VIII,23,Prepaid,22.251965036310732,5,Asian,10.247028346971181
31,VII,15,Semestral,29.005092729743488,2,Indian,13.808776772520591
17,VII,15,Semestral,27.75941812371949,4,Asian,8.610378653011825
48,I,16,Prepaid,24.93416927647435,2,Italian,15.524261436183355
14,II,18,Yearly,17.689254808516896,3,French,14.261227393956716
2,V,13,Prepaid,20.757022655498467,2,Asian,9.097392331849285
93,II,15,Trimestral,31.248186122262634,3,Mexican,11.499520776126804
61,I,20,Monthly,29.536310858631172,5,French,11.16529342872493
23,I,10,Semestral,31.625147758615075,4,Italian,11.700609548549595
84,VII,8,Yearly,37.58715142579668,3,Asian,12.598443658667549
58,V,23,Semestral,16.67843188966856,1,Indian,15.037164002717653
17,V,16,Free,40.59386018471548,3,Asian,5.603868450704665
84,III,10,Trimestral,13.095772690499814,1,Asian,10.101298461121099
62,VI,19,Semestral,10.3957653608188,4,French,11.327407385539912
0,III,19,Free,13.032150425684765,1,Asian,17.059188553944125
58,VII,11,Semestral,43.49820101122276,2,Mexican,7.6590987333755685
57,VIII,16,Free,25.834369725543183,2,Italian,9.844438372945465
37,VI,19,Trimestral,52.3185484380871,5,Italian,16.251587776357823
58,II,13,Free,40.909929170566244,5,Mexican,10.117964108924923
91,VI,16,Semestral,29.669164787030383,1,Japanese,12.06279657581663
28,II,14,Prepaid,22.313494188618833,2,Mexican,5.026016655865857
11,III,17,Trimestral,15.174567184276945,1,Italian,14.979847925707109
92,IV,13,Prepaid,41.135388500886606,3,Asian,14.667512605038056
98,I,19,Monthly,24.742950046280413,2,Italian,8.81451967820088
8,II,19,Prepaid,15.423492832316594,3,French,12.380854192141953
26,V,15,Trimestral,26.095372476954925,4,Asian,8.724221777112708
36,V,14,Yearly,19.627337037740062,3,Japanese,3.1500952963959072
88,I,18,Monthly,11.717491799385584,3,Italian,10.139868147601064
