-- Artistas
INSERT INTO artista (nombre_artista, fecha_de_nacimiento, nacionalidad) VALUES ('Dua Lipa', '1995-08-22', 'Británica');
INSERT INTO artista (nombre_artista, fecha_de_nacimiento, nacionalidad) VALUES ('Ariana Grande', '1993-06-26', 'Estadounidense');
INSERT INTO artista (nombre_artista, fecha_de_nacimiento, nacionalidad) VALUES ('Cardi B', '1992-10-11', 'Estadounidense');
INSERT INTO artista (nombre_artista, fecha_de_nacimiento, nacionalidad) VALUES ('Taylor Swift', '1989-12-12', 'Estadounidense');
INSERT INTO artista (nombre_artista, fecha_de_nacimiento, nacionalidad) VALUES ('Camila Cabello', '1997-03-03', 'Cubana');
INSERT INTO artista (nombre_artista, fecha_de_nacimiento, nacionalidad) VALUES ('Drake', '1986-10-24', 'Canadiense');
INSERT INTO artista (nombre_artista, fecha_de_nacimiento, nacionalidad) VALUES ('Post Malone', '1995-07-04', 'Estadounidense');
INSERT INTO artista (nombre_artista, fecha_de_nacimiento, nacionalidad) VALUES ('XXXTENTACION', '1998-01-23', 'Estadounidense');
INSERT INTO artista (nombre_artista, fecha_de_nacimiento, nacionalidad) VALUES ('J Balvin', '1985-05-07', 'Colombia');
INSERT INTO artista (nombre_artista, fecha_de_nacimiento, nacionalidad) VALUES ('Ed Sheeran', '1991-02-17', 'Britanica');
-- Albums
INSERT INTO album (titulo_album, anio, artista) VALUES ('Dua Lipa', 2017, 'Dua Lipa');
INSERT INTO album (titulo_album, anio, artista) VALUES ('Yours Truly', 2013, 'Ariana Grande');
INSERT INTO album (titulo_album, anio, artista) VALUES ('My Everything', 2014, 'Ariana Grande');
INSERT INTO album (titulo_album, anio, artista) VALUES ('Dangerous Woman', 2016, 'Ariana Grande');
INSERT INTO album (titulo_album, anio, artista) VALUES ('Sweetener', 2018, 'Ariana Grande');
INSERT INTO album (titulo_album, anio, artista) VALUES ('Invasion of Privacy', 2018, 'Cardi B');
INSERT INTO album (titulo_album, anio, artista) VALUES ('Taylor Swift', 2006, 'Taylor Swift');
INSERT INTO album (titulo_album, anio, artista) VALUES ('Fearless', 2008, 'Taylor Swift');
INSERT INTO album (titulo_album, anio, artista) VALUES ('Speak Now', 2010, 'Taylor Swift');
INSERT INTO album (titulo_album, anio, artista) VALUES ('Red', 2012, 'Taylor Swift');
INSERT INTO album (titulo_album, anio, artista) VALUES ('1989', 2014, 'Taylor Swift');
INSERT INTO album (titulo_album, anio, artista) VALUES ('Reputation', 2017, 'Taylor Swift');
INSERT INTO album (titulo_album, anio, artista) VALUES ('Camila', 2018, 'Camila Cabello');
INSERT INTO album (titulo_album, anio, artista) VALUES ('Thank Me Later', 2010, 'Drake');
INSERT INTO album (titulo_album, anio, artista) VALUES ('Take Care', 2011, 'Drake');
INSERT INTO album (titulo_album, anio, artista) VALUES ('Nothing Was The Same', 2013, 'Drake');
INSERT INTO album (titulo_album, anio, artista) VALUES ('Views', 2016, 'Drake');
INSERT INTO album (titulo_album, anio, artista) VALUES ('Scorpion', 2018, 'Drake');
INSERT INTO album (titulo_album, anio, artista) VALUES ('Stoney', 2016, 'Post Malone');
INSERT INTO album (titulo_album, anio, artista) VALUES ('Beerbongs & Bentleys', 2018, 'Post Malone');
INSERT INTO album (titulo_album, anio, artista) VALUES ('17', 2017, 'XXXTENTACION');
INSERT INTO album (titulo_album, anio, artista) VALUES ('?', 2018, 'XXXTENTACION');
INSERT INTO album (titulo_album, anio, artista) VALUES ('Skins', 2018, 'XXXTENTACION');
INSERT INTO album (titulo_album, anio, artista) VALUES ('Real (Edicion Colombia)', 2007, 'J Balvin');
INSERT INTO album (titulo_album, anio, artista) VALUES ('Real (Special Edition)', 2009, 'J Balvin');
INSERT INTO album (titulo_album, anio, artista) VALUES ('El Negocio', 2011, 'J Balvin');
INSERT INTO album (titulo_album, anio, artista) VALUES ('La Familia', 2013, 'J Balvin');
INSERT INTO album (titulo_album, anio, artista) VALUES ('La Familia B Sides', 2014, 'J Balvin');
INSERT INTO album (titulo_album, anio, artista) VALUES ('Energia', 2016, 'J Balvin');
INSERT INTO album (titulo_album, anio, artista) VALUES ('Vibras', 2018, 'J Balvin');
INSERT INTO album (titulo_album, anio, artista) VALUES ('+', 2011, 'Ed Sheeran');
INSERT INTO album (titulo_album, anio, artista) VALUES ('x', 2014, 'Ed Sheeran');
INSERT INTO album (titulo_album, anio, artista) VALUES ('%', 2017, 'Ed Sheeran');
-- Canciones
INSERT INTO cancion (titulo_cancion, artista, numero_del_track, album) VALUES ('New Rules', 'Dua Lipa', 10, 'Dua Lipa');
INSERT INTO cancion (titulo_cancion, artista, numero_del_track, album) VALUES ('Lost in Your Light', 'Dua Lipa', 2, 'Dua Lipa');
INSERT INTO cancion (titulo_cancion, artista, numero_del_track, album) VALUES ('Into You', 'Ariana Grande', 4, 'Dangerous Woman');
INSERT INTO cancion (titulo_cancion, artista, numero_del_track, album) VALUES ('Side To Side', 'Ariana Grande', 5, 'Dangerous Woman');
INSERT INTO cancion (titulo_cancion, artista, numero_del_track, album) VALUES ('Problem', 'Ariana Grande', 2, 'My Everything');
INSERT INTO cancion (titulo_cancion, artista, numero_del_track, album) VALUES ('Break Free', 'Ariana Grande', 5, 'My Everything');
INSERT INTO cancion (titulo_cancion, artista, numero_del_track, album) VALUES ('God Is a Woman', 'Ariana Grande', 5, 'Sweetener');
INSERT INTO cancion (titulo_cancion, artista, numero_del_track, album) VALUES ('I Like It', 'Cardi B', 7, 'Invasion of Privacy');
INSERT INTO cancion (titulo_cancion, artista, numero_del_track, album) VALUES ('Bad Blood', 'Taylor Swift', 8, '1989');
INSERT INTO cancion (titulo_cancion, artista, numero_del_track, album) VALUES ('Blank Space', 'Taylor Swift', 2, '1989');
INSERT INTO cancion (titulo_cancion, artista, numero_del_track, album) VALUES ('The Story of Us', 'Taylor Swift', 4, 'Speak Now');
INSERT INTO cancion (titulo_cancion, artista, numero_del_track, album) VALUES ('Love Story', 'Taylor Swift', 3, 'Fearless');
INSERT INTO cancion (titulo_cancion, artista, numero_del_track, album) VALUES ('Havanna', 'Camila Cabello', 4, 'Camila');
INSERT INTO cancion (titulo_cancion, artista, numero_del_track, album) VALUES ('One Dance', 'Drake', 12, 'Views');
INSERT INTO cancion (titulo_cancion, artista, numero_del_track, album) VALUES ('Too Much', 'Drake', 12, 'Nothing Was The Same');
INSERT INTO cancion (titulo_cancion, artista, numero_del_track, album) VALUES ('Own It', 'Drake', 5, 'Nothing Was The Same');
INSERT INTO cancion (titulo_cancion, artista, numero_del_track, album) VALUES ('Broken Whiskey Glass', 'Post Malone', 1, 'Stoney');
INSERT INTO cancion (titulo_cancion, artista, numero_del_track, album) VALUES ('Too Young', 'Post Malone', 11, 'Stoney');
INSERT INTO cancion (titulo_cancion, artista, numero_del_track, album) VALUES ('Train food', 'XXXTENTACION', 3, 'Skins');
INSERT INTO cancion (titulo_cancion, artista, numero_del_track, album) VALUES ('One Minute', 'XXXTENTACION', 7, 'Skins');
